<?xml version="1.0" encoding="UTF-8"?>
<!--
    Copyright (c) 2009, 2010 Tasktop Technologies and others.
    All rights reserved. This program and the accompanying materials
    are made available under the terms of the Eclipse Public License v1.0
    which accompanies this distribution, and is available at
    http://www.eclipse.org/legal/epl-v10.html
   
    Contributors:
         Tasktop Technologies - initial API and implementation
 -->
<feature
      id="org.eclipse.mylyn.bugzilla_feature"
      label="%featureName"
      version="3.13.0.v20140830-0030"
      provider-name="%providerName"
      plugin="org.eclipse.mylyn.tasks.core">

   <description url="http://eclipse.org/mylyn">
      %description
   </description>

   <copyright>
      %copyright
   </copyright>

   <license url="%licenseURL">
      %license
   </license>

   <requires>
      <import plugin="org.eclipse.mylyn.commons.net" version="3.13.0" match="compatible"/>
      <import plugin="org.eclipse.mylyn.commons.xmlrpc" version="3.13.0" match="compatible"/>
      <import plugin="org.apache.xmlrpc" version="3.0.0" match="compatible"/>
      <import plugin="org.apache.ws.commons.util" version="1.0.1" match="compatible"/>
      
      <import feature="org.eclipse.mylyn_feature" version="3.13.0" match="equivalent"/>
   </requires>

   <plugin
         id="org.eclipse.mylyn.bugzilla.core"
         download-size="254"
         install-size="547"
         version="3.13.0.v20140830-0030"
         unpack="false"/>

   <plugin
         id="org.eclipse.mylyn.bugzilla.ui"
         download-size="252"
         install-size="510"
         version="3.13.0.v20140809-1218"
         unpack="false"/>

</feature>
