<?xml version="1.0" encoding="UTF-8"?>
<feature
      id="org.eclipse.wb.layout.group.feature"
      label="%featureName"
      version="1.7.0.r44x201405021517"
      provider-name="%providerName"
      plugin="org.eclipse.wb.layout.group"
      image="eclipse_update_120.jpg">

   <description>
      %description
   </description>

   <copyright>
      %copyright
   </copyright>

   <license url="%licenseURL">
      %license
   </license>

   <requires>
      <import feature="org.eclipse.wb.core.feature" version="1.7.0.r44x201405021445" match="greaterOrEqual"/>
   </requires>

   <plugin
         id="org.eclipse.wb.layout.group"
         download-size="0"
         install-size="0"
         version="1.7.0.r44x201405021517"
         unpack="false"/>

</feature>
