<?xml version='1.0' encoding='UTF-8'?>
<?artifactRepository version='1.1.0'?>
<repository name='download cache' type='org.eclipse.equinox.p2.artifact.repository.simpleRepository' version='1.0.0'>
  <properties size='2'>
    <property name='p2.system' value='true'/>
    <property name='p2.timestamp' value='1411671147502'/>
  </properties>
  <mappings size='3'>
    <rule filter='(&amp; (classifier=osgi.bundle))' output='${repoUrl}/plugins/${id}_${version}.jar'/>
    <rule filter='(&amp; (classifier=binary))' output='${repoUrl}/binary/${id}_${version}'/>
    <rule filter='(&amp; (classifier=org.eclipse.update.feature))' output='${repoUrl}/features/${id}_${version}.jar'/>
  </mappings>
  <artifacts size='7'>
    <artifact classifier='binary' id='org.eclipse.platform_root' version='4.4.0.v20140925-0400'>
      <properties size='1'>
        <property name='download.size' value='8139'/>
      </properties>
    </artifact>
    <artifact classifier='binary' id='org.eclipse.cvs_root' version='1.4.100.v20140925-0400'>
      <properties size='1'>
        <property name='download.size' value='8902'/>
      </properties>
    </artifact>
    <artifact classifier='binary' id='org.eclipse.jdt_root' version='3.10.0.v20140925-0400'>
      <properties size='1'>
        <property name='download.size' value='8802'/>
      </properties>
    </artifact>
    <artifact classifier='binary' id='org.eclipse.rcp_root' version='4.4.0.v20140925-0400'>
      <properties size='1'>
        <property name='download.size' value='36407'/>
      </properties>
    </artifact>
    <artifact classifier='binary' id='epp.package.java.executable.win32.win32.x86' version='4.4.1.20140925-1820'>
      <properties size='1'>
        <property name='download.size' value='31274'/>
      </properties>
    </artifact>
    <artifact classifier='binary' id='org.eclipse.platform.ide.executable.win32.win32.x86' version='4.4.1.M20140925-0400'>
      <properties size='1'>
        <property name='download.size' value='31270'/>
      </properties>
    </artifact>
    <artifact classifier='binary' id='org.eclipse.rcp.configuration_root.win32.win32.x86' version='1.0.2.v20140925-0251'>
      <properties size='1'>
        <property name='download.size' value='31274'/>
      </properties>
    </artifact>
  </artifacts>
</repository>
