<?xml version="1.0" encoding="UTF-8"?>
<feature
      id="org.eclipse.recommenders.rcp.feature"
      label="%label"
      version="2.1.9.v20140917-1240"
      provider-name="%provider-name"
      plugin="org.eclipse.recommenders.rcp">

   <description url="http://www.eclipse.org/recommenders/">
      %description
   </description>

   <copyright>
      %copyright
   </copyright>

   <license url="%licenseURL">
      %license
   </license>

   <requires>
      <!-- These third-party bundles/fragments are not depended upon directly, but should nevertheless be installed. -->
      <import plugin="ch.qos.logback.classic" version="1.0.0" match="compatible"/>
      <import plugin="ch.qos.logback.core" version="1.0.0" match="compatible"/>
      <import plugin="ch.qos.logback.slf4j" version="1.0.0" match="compatible"/>
      <import plugin="com.google.inject.multibindings" version="3.0.0" match="compatible"/>
   </requires>

   <plugin
         id="org.eclipse.recommenders.rcp"
         download-size="148"
         install-size="278"
         version="2.1.9.v20140917-1240"
         unpack="false"/>

   <plugin
         id="org.eclipse.recommenders.apidocs"
         download-size="24"
         install-size="45"
         version="2.1.9.v20140917-1240"
         unpack="false"/>

   <plugin
         id="org.eclipse.recommenders.apidocs.rcp"
         download-size="107"
         install-size="224"
         version="2.1.9.v20140917-1240"
         unpack="false"/>

   <plugin
         id="org.eclipse.recommenders.calls"
         download-size="24"
         install-size="50"
         version="2.1.9.v20140917-1240"
         unpack="false"/>

   <plugin
         id="org.eclipse.recommenders.calls.rcp"
         download-size="73"
         install-size="156"
         version="2.1.9.v20140917-1240"
         unpack="false"/>

   <plugin
         id="org.eclipse.recommenders.chain.rcp"
         download-size="53"
         install-size="111"
         version="2.1.9.v20140917-1240"
         unpack="false"/>

   <plugin
         id="org.eclipse.recommenders.completion.rcp"
         download-size="185"
         install-size="439"
         version="2.1.9.v20140917-1240"
         unpack="false"/>

   <plugin
         id="org.eclipse.recommenders.injection"
         download-size="15"
         install-size="24"
         version="2.1.9.v20140917-1240"
         unpack="false"/>

   <plugin
         id="org.eclipse.recommenders.jayes"
         download-size="93"
         install-size="182"
         version="2.1.9.v20140917-1240"
         unpack="false"/>

   <plugin
         id="org.eclipse.recommenders.jayes.io"
         download-size="40"
         install-size="69"
         version="2.1.9.v20140917-1240"
         unpack="false"/>

   <plugin
         id="org.eclipse.recommenders.models"
         download-size="85"
         install-size="178"
         version="2.1.9.v20140917-1240"
         unpack="false"/>

   <plugin
         id="org.eclipse.recommenders.models.rcp"
         download-size="178"
         install-size="408"
         version="2.1.9.v20140917-1240"
         unpack="false"/>

   <plugin
         id="org.eclipse.recommenders.overrides"
         download-size="20"
         install-size="36"
         version="2.1.9.v20140917-1240"
         unpack="false"/>

   <plugin
         id="org.eclipse.recommenders.overrides.rcp"
         download-size="22"
         install-size="38"
         version="2.1.9.v20140917-1240"
         unpack="false"/>

   <plugin
         id="org.eclipse.recommenders.subwords.rcp"
         download-size="33"
         install-size="61"
         version="2.1.9.v20140917-1240"
         unpack="false"/>

   <plugin
         id="org.eclipse.recommenders.utils"
         download-size="94"
         install-size="184"
         version="2.1.9.v20140917-1240"
         unpack="false"/>

   <plugin
         id="org.eclipse.recommenders.net"
         download-size="10"
         install-size="15"
         version="2.1.9.v20140917-1240"
         unpack="false"/>

</feature>
