<?xml version="1.0" encoding="UTF-8"?>
<feature
      id="org.eclipse.epp.package.java.feature"
      label="EPP Java Package"
      version="4.4.1.20140925-1820"
      provider-name="Eclipse Packaging Project"
      plugin="org.eclipse.epp.package.java">

   <description url="http://eclipse.org/epp">
      %description
   </description>

   <copyright>
      %copyright
   </copyright>

   <license url="%licenseURL">
      %license
   </license>

   <url>
      <discovery label="Luna" url="http://download.eclipse.org/releases/luna/"/>
      <discovery label="Eclipse Platform 4.4" url="http://download.eclipse.org/eclipse/updates/4.4"/>
      <discovery label="Mylyn for Eclipse Luna" url="http://download.eclipse.org/mylyn/releases/luna/"/>
   </url>


   <requires>
      <import feature="org.eclipse.cvs"/>
      <import feature="org.eclipse.egit"/>
      <import feature="org.eclipse.egit.import"/>
      <import feature="org.eclipse.egit.mylyn"/>
      <import feature="org.eclipse.epp.package.common.feature"/>
      <import feature="org.eclipse.equinox.p2.user.ui"/>
      <import feature="org.eclipse.help"/>
      <import feature="org.eclipse.jdt"/>
      <import feature="org.eclipse.jgit"/>
      <import feature="org.eclipse.m2e.feature"/>
      <import feature="org.eclipse.m2e.logback.feature"/>
      <import feature="org.eclipse.mylyn.bugzilla_feature"/>
      <import feature="org.eclipse.mylyn.context_feature"/>
      <import feature="org.eclipse.mylyn.cvs"/>
      <import feature="org.eclipse.mylyn_feature"/>
      <import feature="org.eclipse.mylyn.git"/>
      <import feature="org.eclipse.mylyn.hudson"/>
      <import feature="org.eclipse.mylyn.ide_feature"/>
      <import feature="org.eclipse.mylyn.java_feature"/>
      <import feature="org.eclipse.mylyn.wikitext_feature"/>
      <import feature="org.eclipse.platform"/>
      <import feature="org.eclipse.rcp"/>
      <import feature="org.eclipse.recommenders.rcp.feature"/>
      <import feature="org.eclipse.wb.core.feature"/>
      <import feature="org.eclipse.wb.core.ui.feature"/>
      <import feature="org.eclipse.wb.layout.group.feature"/>
      <import feature="org.eclipse.wb.swing.feature"/>
      <import feature="org.eclipse.wst.xml_ui.feature"/>
   </requires>

   <plugin
         id="org.eclipse.epp.package.java"
         download-size="47"
         install-size="55"
         version="4.4.1.20140925-1820"/>

</feature>
