{
    "prepare_queue": {
        "installed": [],
        "uninstalled": []
    },
    "config_munge": {
        "files": {
            "config.xml": {
                "parents": {
                    "/*": [
                        {
                            "xml": "<feature name=\"MCEPlugin\"><param name=\"ios-package\" value=\"MCEPlugin\" /></feature>",
                            "count": 1
                        },
                        {
                            "xml": "<preference name=\"baseUrl\" value=\"https://sdk2.ibm.xtify.com/3.0\" />",
                            "count": 1
                        },
                        {
                            "xml": "<preference name=\"prodAppKey\" value=\"apxxxxx\" />",
                            "count": 1
                        },
                        {
                            "xml": "<preference name=\"devAppKey\" value=\"apeOa8pN8N\" />",
                            "count": 1
                        },
                        {
                            "xml": "<preference name=\"autoInitialize\" value=\"true\" />",
                            "count": 1
                        },
                        {
                            "xml": "<preference name=\"customActions\" value=\"openInboxMessage sendEmail\" />",
                            "count": 1
                        },
                        {
                            "xml": "<preference name=\"loglevel\" value=\"error\" />",
                            "count": 1
                        }
                    ]
                }
            },
            "*-Info.plist": {
                "parents": {
                    "UIBackgroundModes": [
                        {
                            "xml": "<array><string>remote-notification</string></array>",
                            "count": 1
                        }
                    ],
                    "NSLocationAlwaysUsageDescription": [
                        {
                            "xml": "<string>Be notified when interesting things are nearby</string>",
                            "count": 1
                        }
                    ]
                }
            }
        }
    },
    "installed_plugins": {
        "cordova-plugin-whitelist": {
            "PACKAGE_NAME": "com.example.hello"
        },
        "com.xtify.mce.sdk": {
            "LOGLEVEL": "error",
            "SERVER_URL": "https://sdk2.ibm.xtify.com/3.0",
            "IOS_PROD_APPKEY": "apxxxxx",
            "IOS_DEV_APPKEY": "apeOa8pN8N",
            "CUSTOM_ACTIONS": "openInboxMessage sendEmail",
            "SENDER_ID": "9799999",
            "ANDROID_APPKEY": "gcxxxxx",
            "PACKAGE_NAME": "com.example.hello"
        }
    },
    "dependent_plugins": {},
    "modules": [
        {
            "id": "com.xtify.mce.sdk.MCEPlugin",
            "file": "plugins/com.xtify.mce.sdk/MCEPlugin.js",
            "pluginId": "com.xtify.mce.sdk",
            "clobbers": [
                "MCEPlugin"
            ]
        }
    ],
    "plugin_metadata": {
        "cordova-plugin-whitelist": "1.3.2",
        "com.xtify.mce.sdk": "3.3.1"
    }
}